{
  "speaker_35_1": [
    -0.9708565473556519,
    0.2275768667459488,
    0.013334321789443493,
    0.048135776072740555,
    0.00098862883169204,
    0.030585387721657753,
    -0.039034195244312286,
    -0.012427331879734993,
    -0.0156924519687891,
    -0.007982449606060982,
    0.0030253720469772816,
    -0.01438917312771082,
    -0.003277330892160535,
    0.0001348867517663166,
    8.207855717046186e-05,
    1.7627220586291514e-05,
    2.1912119336775504e-05,
    -9.622613106330391e-06,
    9.49323657550849e-06,
    5.945014891040046e-06,
    3.43786246048694e-06,
    8.966437690105522e-07,
    -2.7861467515322147e-06,
    -3.471959416856407e-06,
    -1.5920566056593088e-06,
    3.008019348271773e-06,
    2.76095397566678e-05,
    1.2493915164668579e-06,
    -5.545107342186384e-06,
    -2.359416413355575e-07,
    -8.39461154100718e-06,
    1.868989329523174e-06,
    1.1667502803902607e-06,
    -4.6857280722178984e-07,
    8.652226028971199e-07,
    -1.1899207947863033e-06,
    -2.8373024179018103e-06,
    -1.7216241587902914e-07,
    7.09506764451362e-07
  ],
  "speaker_8": [
    -0.9642698764801025,
    0.22888869047164917,
    -0.07831691950559616,
    0.07670789957046509,
    -0.03889608383178711,
    -0.010078467428684235,
    -0.050740212202072144,
    -0.020438723266124725,
    -0.012352482415735722,
    -0.024347444996237755,
    0.0005260719335637987,
    -0.00640732329338789,
    -0.019555138424038887,
    6.227222183952108e-05,
    3.058817674173042e-05,
    -4.6430914153461345e-06,
    -2.303931614733301e-05,
    -1.3602234503196087e-05,
    -1.0436499906063545e-05,
    -7.538597856182605e-06,
    4.7116104724409524e-06,
    2.5977649329433916e-06,
    -1.0623018170008436e-05,
    -3.2760369776951848e-06,
    1.7132466382463463e-05,
    6.599832886422519e-06,
    -4.4709892677019525e-07,
    -1.2996433724765666e-05,
    4.260667992639355e-06,
    -5.210810741118621e-06,
    8.923507266445085e-06,
    -1.5507665693803574e-06,
    -1.785488052519213e-06,
    -3.3739850096026203e-06,
    -4.844923751079477e-06,
    1.1851676390506327e-05,
    3.553252327037626e-06,
    3.417944981265464e-06,
    6.9125044319662265e-06
  ],
  "speaker_4": [
    -0.9850978851318359,
    0.14719192683696747,
    0.00012514935224317014,
    0.07272971421480179,
    -0.0019998198840767145,
    -0.011537007056176662,
    -0.03176826983690262,
    -0.017896367236971855,
    -0.014927527867257595,
    -0.018377915024757385,
    -0.013626259751617908,
    -0.012789834290742874,
    -0.015830304473638535,
    -0.0001502410159446299,
    2.097595097438898e-05,
    -4.358245405455818e-06,
    -1.971502206288278e-05,
    2.7401416446082294e-05,
    -4.080912276549498e-06,
    1.4536974504153477e-06,
    -2.3428549411619315e-06,
    -1.2322942893661093e-05,
    -2.3845616397011327e-06,
    -4.685442036134191e-06,
    -6.930325980647467e-06,
    5.545811291085556e-06,
    -2.456269066897221e-05,
    -1.2126386536692735e-05,
    -1.4016824025020469e-05,
    -7.51711104385322e-06,
    -3.387974174984265e-06,
    -1.6299587741741561e-06,
    8.21602407086175e-06,
    5.072054136689985e-06,
    -5.607253115158528e-07,
    -8.297976705762267e-07,
    -1.249041474693513e-06,
    -1.655664846111904e-06,
    -1.9383144262974383e-06
  ],
  "speaker_23": [
    -0.959358811378479,
    0.2526317834854126,
    0.01923772133886814,
    0.11828436702489853,
    0.02342773787677288,
    0.018513116985559464,
    -0.0031880077440291643,
    -0.02135772444307804,
    0.006766028702259064,
    0.001397390617057681,
    0.005569283850491047,
    0.002330533694475889,
    -0.002076050266623497,
    0.00011350010754540563,
    7.69903272157535e-05,
    3.102482878603041e-05,
    2.6456213163328357e-05,
    1.9208784578950144e-05,
    1.1099101357103791e-05,
    4.1280611640104325e-07,
    -2.9175771487643942e-06,
    -6.533977625622356e-07,
    -1.982585757787092e-07,
    1.1383046967239352e-06,
    -4.727002306026407e-06,
    -2.596379999886267e-06,
    1.0100037798110861e-05,
    -4.574286322167609e-06,
    -6.219503916327085e-07,
    -3.0392616281460505e-06,
    7.465483236046566e-07,
    6.629636573052267e-07,
    4.219750280753942e-06,
    -2.9077369845254e-07,
    -7.289708264579531e-06,
    -7.658092613382905e-07,
    -1.205738726639538e-06,
    2.8665271045724694e-08,
    7.283019272108504e-07
  ],
  "speaker_49": [
    -0.9646341800689697,
    0.24934305250644684,
    0.011056862771511078,
    0.0664096251130104,
    0.0037884467747062445,
    -0.012187721207737923,
    -0.04212336242198944,
    -0.009364092722535133,
    -0.010848312638700008,
    -0.020413465797901154,
    -0.0028300751000642776,
    0.010362857952713966,
    -0.010092542506754398,
    9.656837937654927e-05,
    2.2362470190273598e-05,
    -1.6269546904368326e-05,
    1.4714507415192202e-05,
    4.7121188799792435e-06,
    1.3075637070869561e-05,
    3.5174844015273266e-07,
    5.1008910304517485e-06,
    8.1058087744168e-06,
    3.3735382203303743e-06,
    3.8000439417373855e-06,
    -1.5276995100066415e-06,
    8.845020602166187e-06,
    -3.137874955427833e-05,
    -1.7777500033844262e-05,
    -6.272836344578536e-06,
    -8.7654625531286e-06,
    -2.4259026076833834e-07,
    3.882870714733144e-06,
    5.707981358682446e-07,
    -3.3938849810510874e-06,
    -1.859604367382417e-06,
    1.226811264132266e-06,
    6.524771265503659e-07,
    -2.9323216494958615e-06,
    4.8254451030516066e-06
  ],
  "speaker_50": [
    -0.9749682545661926,
    0.2096324861049652,
    -0.014890105463564396,
    0.06005402281880379,
    -0.018941719084978104,
    0.013125672936439514,
    -0.010597934015095234,
    -0.009642099030315876,
    -0.01269950158894062,
    -0.024461939930915833,
    -0.004846008028835058,
    0.0017441298114135861,
    -0.0118490569293499,
    0.00012024032912449911,
    7.828213711036369e-05,
    1.8171552085277654e-07,
    -2.0897809008602053e-05,
    1.5754951164126396e-05,
    6.066439254936995e-06,
    -1.6089064956759103e-05,
    -1.2333433915046044e-05,
    2.7611415589490207e-06,
    1.1595889191085007e-06,
    -6.741012384736678e-06,
    6.632831627939595e-06,
    -8.31473425932927e-06,
    8.156509352374997e-07,
    -2.371588379901368e-06,
    -4.43368162450497e-06,
    1.8071276599584962e-06,
    -1.197211759063066e-06,
    -2.2195742133135354e-07,
    -4.247702349857718e-07,
    1.6125100046338048e-06,
    -3.056762238884403e-07,
    -4.774641979565786e-07,
    6.788926611989154e-07,
    -6.045075338079187e-07,
    1.569765458953043e-06
  ],
  "lady_1": [
    -0.9586184024810791,
    0.2676624059677124,
    -0.0012045217445120215,
    0.08258779346942902,
    0.01703653670847416,
    0.014600428752601147,
    0.03499782830476761,
    -0.016303418204188347,
    0.014790416695177555,
    -0.0022024603094905615,
    -0.014604449272155762,
    0.011772648431360722,
    -0.003970877267420292,
    -6.431658403016627e-05,
    -4.530767455435125e-06,
    1.689838245511055e-05,
    2.855112825272954e-06,
    5.86255919188261e-06,
    5.916621830692748e-06,
    -1.424668312210997e-06,
    -6.174254394863965e-06,
    -2.097494643749087e-06,
    4.908615210297285e-06,
    2.9521768283302663e-06,
    -3.5739271879720036e-06,
    -1.8361345155426534e-06,
    3.111417026957497e-05,
    4.196283953206148e-06,
    3.747193886738387e-06,
    -5.297062216413906e-06,
    -7.012891273916466e-06,
    -4.343506589066237e-06,
    -3.4727629554254236e-06,
    2.6789376761371386e-07,
    6.081829724280396e-07,
    5.306124421622371e-06,
    2.478510396031197e-06,
    -4.488423201109981e-06,
    -9.758415444593993e-07
  ],